{
  "libraryId": "thompson",
  "name": "Thompson Library",
  "floors": [
    {
      "floorId": "F1",
      "level": 1,
      "layout": "group"
    },
    {
      "floorId": "F2",
      "level": 2,
      "layout": "group"
    },
    {
      "floorId": "F3",
      "level": 3,
      "layout": "group"
    },
    {
      "floorId": "F4",
      "level": 4,
      "layout": "group"
    },
    {
      "floorId": "F5",
      "level": 5,
      "layout": "quiet"
    },
    {
      "floorId": "F6",
      "level": 6,
      "layout": "quiet"
    },
    {
      "floorId": "F7",
      "level": 7,
      "layout": "quiet"
    },
    {
      "floorId": "F8",
      "level": 8,
      "layout": "quiet"
    },
    {
      "floorId": "F9",
      "level": 9,
      "layout": "quiet"
    },
    {
      "floorId": "F10",
      "level": 10,
      "layout": "quiet"
    },
    {
      "floorId": "F11",
      "level": 11,
      "layout": "quiet"
    }
  ],
  "tables": [
    {
      "tableId": "F1-T01",
      "floorId": "F1",
      "type": "individual",
      "capacity": 1,
      "tags": [
        "open"
      ]
    },
    {
      "tableId": "F1-T02",
      "floorId": "F1",
      "type": "individual",
      "capacity": 1,
      "tags": [
        "open"
      ]
    },
    {
      "tableId": "F1-T03",
      "floorId": "F1",
      "type": "individual",
      "capacity": 1,
      "tags": [
        "open"
      ]
    },
    {
      "tableId": "F1-T04",
      "floorId": "F1",
      "type": "individual",
      "capacity": 1,
      "tags": [
        "open"
      ]
    },
    {
      "tableId": "F1-T05",
      "floorId": "F1",
      "type": "individual",
      "capacity": 1,
      "tags": [
        "open"
      ]
    },
    {
      "tableId": "F1-T06",
      "floorId": "F1",
      "type": "individual",
      "capacity": 1,
      "tags": [
        "open"
      ]
    },
    {
      "tableId": "F1-T07",
      "floorId": "F1",
      "type": "individual",
      "capacity": 1,
      "tags": [
        "open"
      ]
    },
    {
      "tableId": "F1-T08",
      "floorId": "F1",
      "type": "individual",
      "capacity": 1,
      "tags": [
        "open"
      ]
    },
    {
      "tableId": "F1-T09",
      "floorId": "F1",
      "type": "individual",
      "capacity": 1,
      "tags": [
        "open"
      ]
    },
    {
      "tableId": "F1-T10",
      "floorId": "F1",
      "type": "individual",
      "capacity": 1,
      "tags": [
        "open"
      ]
    },
    {
      "tableId": "F1-T11",
      "floorId": "F1",
      "type": "individual",
      "capacity": 1,
      "tags": [
        "open"
      ]
    },
    {
      "tableId": "F1-T12",
      "floorId": "F1",
      "type": "individual",
      "capacity": 1,
      "tags": [
        "open"
      ]
    },
    {
      "tableId": "F1-T13",
      "floorId": "F1",
      "type": "individual",
      "capacity": 1,
      "tags": [
        "open"
      ]
    },
    {
      "tableId": "F1-T14",
      "floorId": "F1",
      "type": "individual",
      "capacity": 1,
      "tags": [
        "open"
      ]
    },
    {
      "tableId": "F1-T15",
      "floorId": "F1",
      "type": "individual",
      "capacity": 1,
      "tags": [
        "open"
      ]
    },
    {
      "tableId": "F1-T16",
      "floorId": "F1",
      "type": "individual",
      "capacity": 1,
      "tags": [
        "open"
      ]
    },
    {
      "tableId": "F1-T17",
      "floorId": "F1",
      "type": "individual",
      "capacity": 1,
      "tags": [
        "open"
      ]
    },
    {
      "tableId": "F1-T18",
      "floorId": "F1",
      "type": "individual",
      "capacity": 1,
      "tags": [
        "open"
      ]
    },
    {
      "tableId": "F1-T19",
      "floorId": "F1",
      "type": "individual",
      "capacity": 1,
      "tags": [
        "open"
      ]
    },
    {
      "tableId": "F1-T20",
      "floorId": "F1",
      "type": "individual",
      "capacity": 1,
      "tags": [
        "open"
      ]
    },
    {
      "tableId": "F1-T21",
      "floorId": "F1",
      "type": "individual",
      "capacity": 1,
      "tags": [
        "open"
      ]
    },
    {
      "tableId": "F1-T22",
      "floorId": "F1",
      "type": "individual",
      "capacity": 1,
      "tags": [
        "open"
      ]
    },
    {
      "tableId": "F1-T23",
      "floorId": "F1",
      "type": "individual",
      "capacity": 1,
      "tags": [
        "open"
      ]
    },
    {
      "tableId": "F1-T24",
      "floorId": "F1",
      "type": "individual",
      "capacity": 1,
      "tags": [
        "open"
      ]
    },
    {
      "tableId": "F1-T25",
      "floorId": "F1",
      "type": "individual",
      "capacity": 1,
      "tags": [
        "open"
      ]
    },
    {
      "tableId": "F1-T26",
      "floorId": "F1",
      "type": "duo",
      "capacity": 2,
      "tags": [
        "open"
      ]
    },
    {
      "tableId": "F1-T27",
      "floorId": "F1",
      "type": "duo",
      "capacity": 2,
      "tags": [
        "open"
      ]
    },
    {
      "tableId": "F1-T28",
      "floorId": "F1",
      "type": "duo",
      "capacity": 2,
      "tags": [
        "open"
      ]
    },
    {
      "tableId": "F1-T29",
      "floorId": "F1",
      "type": "duo",
      "capacity": 2,
      "tags": [
        "open"
      ]
    },
    {
      "tableId": "F1-T30",
      "floorId": "F1",
      "type": "duo",
      "capacity": 2,
      "tags": [
        "open"
      ]
    },
    {
      "tableId": "F1-T31",
      "floorId": "F1",
      "type": "duo",
      "capacity": 2,
      "tags": [
        "open"
      ]
    },
    {
      "tableId": "F1-T32",
      "floorId": "F1",
      "type": "duo",
      "capacity": 2,
      "tags": [
        "open"
      ]
    },
    {
      "tableId": "F1-T33",
      "floorId": "F1",
      "type": "duo",
      "capacity": 2,
      "tags": [
        "open"
      ]
    },
    {
      "tableId": "F1-T34",
      "floorId": "F1",
      "type": "duo",
      "capacity": 2,
      "tags": [
        "open"
      ]
    },
    {
      "tableId": "F1-T35",
      "floorId": "F1",
      "type": "duo",
      "capacity": 2,
      "tags": [
        "open"
      ]
    },
    {
      "tableId": "F1-T36",
      "floorId": "F1",
      "type": "group",
      "capacity": 4,
      "tags": [
        "group"
      ]
    },
    {
      "tableId": "F1-T37",
      "floorId": "F1",
      "type": "group",
      "capacity": 4,
      "tags": [
        "group"
      ]
    },
    {
      "tableId": "F1-T38",
      "floorId": "F1",
      "type": "group",
      "capacity": 4,
      "tags": [
        "group"
      ]
    },
    {
      "tableId": "F1-T39",
      "floorId": "F1",
      "type": "group",
      "capacity": 4,
      "tags": [
        "group"
      ]
    },
    {
      "tableId": "F1-T40",
      "floorId": "F1",
      "type": "group",
      "capacity": 4,
      "tags": [
        "group"
      ]
    },
    {
      "tableId": "F1-T41",
      "floorId": "F1",
      "type": "group",
      "capacity": 4,
      "tags": [
        "group"
      ]
    },
    {
      "tableId": "F1-T42",
      "floorId": "F1",
      "type": "group",
      "capacity": 4,
      "tags": [
        "group"
      ]
    },
    {
      "tableId": "F1-T43",
      "floorId": "F1",
      "type": "group",
      "capacity": 4,
      "tags": [
        "group"
      ]
    },
    {
      "tableId": "F1-T44",
      "floorId": "F1",
      "type": "group",
      "capacity": 4,
      "tags": [
        "group"
      ]
    },
    {
      "tableId": "F1-T45",
      "floorId": "F1",
      "type": "group",
      "capacity": 4,
      "tags": [
        "group"
      ]
    },
    {
      "tableId": "F1-T46",
      "floorId": "F1",
      "type": "room",
      "capacity": 6,
      "tags": [
        "group-room",
        "bookable"
      ]
    },
    {
      "tableId": "F1-T47",
      "floorId": "F1",
      "type": "room",
      "capacity": 8,
      "tags": [
        "group-room",
        "bookable"
      ]
    },
    {
      "tableId": "F2-T01",
      "floorId": "F2",
      "type": "individual",
      "capacity": 1,
      "tags": [
        "open"
      ]
    },
    {
      "tableId": "F2-T02",
      "floorId": "F2",
      "type": "individual",
      "capacity": 1,
      "tags": [
        "open"
      ]
    },
    {
      "tableId": "F2-T03",
      "floorId": "F2",
      "type": "individual",
      "capacity": 1,
      "tags": [
        "open"
      ]
    },
    {
      "tableId": "F2-T04",
      "floorId": "F2",
      "type": "individual",
      "capacity": 1,
      "tags": [
        "open"
      ]
    },
    {
      "tableId": "F2-T05",
      "floorId": "F2",
      "type": "individual",
      "capacity": 1,
      "tags": [
        "open"
      ]
    },
    {
      "tableId": "F2-T06",
      "floorId": "F2",
      "type": "individual",
      "capacity": 1,
      "tags": [
        "open"
      ]
    },
    {
      "tableId": "F2-T07",
      "floorId": "F2",
      "type": "individual",
      "capacity": 1,
      "tags": [
        "open"
      ]
    },
    {
      "tableId": "F2-T08",
      "floorId": "F2",
      "type": "individual",
      "capacity": 1,
      "tags": [
        "open"
      ]
    },
    {
      "tableId": "F2-T09",
      "floorId": "F2",
      "type": "individual",
      "capacity": 1,
      "tags": [
        "open"
      ]
    },
    {
      "tableId": "F2-T10",
      "floorId": "F2",
      "type": "individual",
      "capacity": 1,
      "tags": [
        "open"
      ]
    },
    {
      "tableId": "F2-T11",
      "floorId": "F2",
      "type": "individual",
      "capacity": 1,
      "tags": [
        "open"
      ]
    },
    {
      "tableId": "F2-T12",
      "floorId": "F2",
      "type": "individual",
      "capacity": 1,
      "tags": [
        "open"
      ]
    },
    {
      "tableId": "F2-T13",
      "floorId": "F2",
      "type": "individual",
      "capacity": 1,
      "tags": [
        "open"
      ]
    },
    {
      "tableId": "F2-T14",
      "floorId": "F2",
      "type": "individual",
      "capacity": 1,
      "tags": [
        "open"
      ]
    },
    {
      "tableId": "F2-T15",
      "floorId": "F2",
      "type": "individual",
      "capacity": 1,
      "tags": [
        "open"
      ]
    },
    {
      "tableId": "F2-T16",
      "floorId": "F2",
      "type": "individual",
      "capacity": 1,
      "tags": [
        "open"
      ]
    },
    {
      "tableId": "F2-T17",
      "floorId": "F2",
      "type": "individual",
      "capacity": 1,
      "tags": [
        "open"
      ]
    },
    {
      "tableId": "F2-T18",
      "floorId": "F2",
      "type": "individual",
      "capacity": 1,
      "tags": [
        "open"
      ]
    },
    {
      "tableId": "F2-T19",
      "floorId": "F2",
      "type": "individual",
      "capacity": 1,
      "tags": [
        "open"
      ]
    },
    {
      "tableId": "F2-T20",
      "floorId": "F2",
      "type": "individual",
      "capacity": 1,
      "tags": [
        "open"
      ]
    },
    {
      "tableId": "F2-T21",
      "floorId": "F2",
      "type": "individual",
      "capacity": 1,
      "tags": [
        "open"
      ]
    },
    {
      "tableId": "F2-T22",
      "floorId": "F2",
      "type": "individual",
      "capacity": 1,
      "tags": [
        "open"
      ]
    },
    {
      "tableId": "F2-T23",
      "floorId": "F2",
      "type": "duo",
      "capacity": 2,
      "tags": [
        "open"
      ]
    },
    {
      "tableId": "F2-T24",
      "floorId": "F2",
      "type": "duo",
      "capacity": 2,
      "tags": [
        "open"
      ]
    },
    {
      "tableId": "F2-T25",
      "floorId": "F2",
      "type": "duo",
      "capacity": 2,
      "tags": [
        "open"
      ]
    },
    {
      "tableId": "F2-T26",
      "floorId": "F2",
      "type": "duo",
      "capacity": 2,
      "tags": [
        "open"
      ]
    },
    {
      "tableId": "F2-T27",
      "floorId": "F2",
      "type": "duo",
      "capacity": 2,
      "tags": [
        "open"
      ]
    },
    {
      "tableId": "F2-T28",
      "floorId": "F2",
      "type": "duo",
      "capacity": 2,
      "tags": [
        "open"
      ]
    },
    {
      "tableId": "F2-T29",
      "floorId": "F2",
      "type": "duo",
      "capacity": 2,
      "tags": [
        "open"
      ]
    },
    {
      "tableId": "F2-T30",
      "floorId": "F2",
      "type": "duo",
      "capacity": 2,
      "tags": [
        "open"
      ]
    },
    {
      "tableId": "F2-T31",
      "floorId": "F2",
      "type": "duo",
      "capacity": 2,
      "tags": [
        "open"
      ]
    },
    {
      "tableId": "F2-T32",
      "floorId": "F2",
      "type": "duo",
      "capacity": 2,
      "tags": [
        "open"
      ]
    },
    {
      "tableId": "F2-T33",
      "floorId": "F2",
      "type": "duo",
      "capacity": 2,
      "tags": [
        "open"
      ]
    },
    {
      "tableId": "F2-T34",
      "floorId": "F2",
      "type": "duo",
      "capacity": 2,
      "tags": [
        "open"
      ]
    },
    {
      "tableId": "F2-T35",
      "floorId": "F2",
      "type": "group",
      "capacity": 4,
      "tags": [
        "group"
      ]
    },
    {
      "tableId": "F2-T36",
      "floorId": "F2",
      "type": "group",
      "capacity": 4,
      "tags": [
        "group"
      ]
    },
    {
      "tableId": "F2-T37",
      "floorId": "F2",
      "type": "group",
      "capacity": 4,
      "tags": [
        "group"
      ]
    },
    {
      "tableId": "F2-T38",
      "floorId": "F2",
      "type": "group",
      "capacity": 4,
      "tags": [
        "group"
      ]
    },
    {
      "tableId": "F2-T39",
      "floorId": "F2",
      "type": "group",
      "capacity": 4,
      "tags": [
        "group"
      ]
    },
    {
      "tableId": "F2-T40",
      "floorId": "F2",
      "type": "group",
      "capacity": 4,
      "tags": [
        "group"
      ]
    },
    {
      "tableId": "F2-T41",
      "floorId": "F2",
      "type": "group",
      "capacity": 4,
      "tags": [
        "group"
      ]
    },
    {
      "tableId": "F2-T42",
      "floorId": "F2",
      "type": "group",
      "capacity": 4,
      "tags": [
        "group"
      ]
    },
    {
      "tableId": "F2-T43",
      "floorId": "F2",
      "type": "group",
      "capacity": 4,
      "tags": [
        "group"
      ]
    },
    {
      "tableId": "F2-T44",
      "floorId": "F2",
      "type": "group",
      "capacity": 4,
      "tags": [
        "group"
      ]
    },
    {
      "tableId": "F2-T45",
      "floorId": "F2",
      "type": "room",
      "capacity": 6,
      "tags": [
        "group-room",
        "bookable"
      ]
    },
    {
      "tableId": "F2-T46",
      "floorId": "F2",
      "type": "room",
      "capacity": 8,
      "tags": [
        "group-room",
        "bookable"
      ]
    },
    {
      "tableId": "F3-T01",
      "floorId": "F3",
      "type": "individual",
      "capacity": 1,
      "tags": [
        "open"
      ]
    },
    {
      "tableId": "F3-T02",
      "floorId": "F3",
      "type": "individual",
      "capacity": 1,
      "tags": [
        "open"
      ]
    },
    {
      "tableId": "F3-T03",
      "floorId": "F3",
      "type": "individual",
      "capacity": 1,
      "tags": [
        "open"
      ]
    },
    {
      "tableId": "F3-T04",
      "floorId": "F3",
      "type": "individual",
      "capacity": 1,
      "tags": [
        "open"
      ]
    },
    {
      "tableId": "F3-T05",
      "floorId": "F3",
      "type": "individual",
      "capacity": 1,
      "tags": [
        "open"
      ]
    },
    {
      "tableId": "F3-T06",
      "floorId": "F3",
      "type": "individual",
      "capacity": 1,
      "tags": [
        "open"
      ]
    },
    {
      "tableId": "F3-T07",
      "floorId": "F3",
      "type": "individual",
      "capacity": 1,
      "tags": [
        "open"
      ]
    },
    {
      "tableId": "F3-T08",
      "floorId": "F3",
      "type": "individual",
      "capacity": 1,
      "tags": [
        "open"
      ]
    },
    {
      "tableId": "F3-T09",
      "floorId": "F3",
      "type": "individual",
      "capacity": 1,
      "tags": [
        "open"
      ]
    },
    {
      "tableId": "F3-T10",
      "floorId": "F3",
      "type": "individual",
      "capacity": 1,
      "tags": [
        "open"
      ]
    },
    {
      "tableId": "F3-T11",
      "floorId": "F3",
      "type": "individual",
      "capacity": 1,
      "tags": [
        "open"
      ]
    },
    {
      "tableId": "F3-T12",
      "floorId": "F3",
      "type": "individual",
      "capacity": 1,
      "tags": [
        "open"
      ]
    },
    {
      "tableId": "F3-T13",
      "floorId": "F3",
      "type": "individual",
      "capacity": 1,
      "tags": [
        "open"
      ]
    },
    {
      "tableId": "F3-T14",
      "floorId": "F3",
      "type": "individual",
      "capacity": 1,
      "tags": [
        "open"
      ]
    },
    {
      "tableId": "F3-T15",
      "floorId": "F3",
      "type": "individual",
      "capacity": 1,
      "tags": [
        "open"
      ]
    },
    {
      "tableId": "F3-T16",
      "floorId": "F3",
      "type": "individual",
      "capacity": 1,
      "tags": [
        "open"
      ]
    },
    {
      "tableId": "F3-T17",
      "floorId": "F3",
      "type": "individual",
      "capacity": 1,
      "tags": [
        "open"
      ]
    },
    {
      "tableId": "F3-T18",
      "floorId": "F3",
      "type": "individual",
      "capacity": 1,
      "tags": [
        "open"
      ]
    },
    {
      "tableId": "F3-T19",
      "floorId": "F3",
      "type": "individual",
      "capacity": 1,
      "tags": [
        "open"
      ]
    },
    {
      "tableId": "F3-T20",
      "floorId": "F3",
      "type": "individual",
      "capacity": 1,
      "tags": [
        "open"
      ]
    },
    {
      "tableId": "F3-T21",
      "floorId": "F3",
      "type": "individual",
      "capacity": 1,
      "tags": [
        "open"
      ]
    },
    {
      "tableId": "F3-T22",
      "floorId": "F3",
      "type": "individual",
      "capacity": 1,
      "tags": [
        "open"
      ]
    },
    {
      "tableId": "F3-T23",
      "floorId": "F3",
      "type": "individual",
      "capacity": 1,
      "tags": [
        "open"
      ]
    },
    {
      "tableId": "F3-T24",
      "floorId": "F3",
      "type": "individual",
      "capacity": 1,
      "tags": [
        "open"
      ]
    },
    {
      "tableId": "F3-T25",
      "floorId": "F3",
      "type": "individual",
      "capacity": 1,
      "tags": [
        "open"
      ]
    },
    {
      "tableId": "F3-T26",
      "floorId": "F3",
      "type": "individual",
      "capacity": 1,
      "tags": [
        "open"
      ]
    },
    {
      "tableId": "F3-T27",
      "floorId": "F3",
      "type": "duo",
      "capacity": 2,
      "tags": [
        "open"
      ]
    },
    {
      "tableId": "F3-T28",
      "floorId": "F3",
      "type": "duo",
      "capacity": 2,
      "tags": [
        "open"
      ]
    },
    {
      "tableId": "F3-T29",
      "floorId": "F3",
      "type": "duo",
      "capacity": 2,
      "tags": [
        "open"
      ]
    },
    {
      "tableId": "F3-T30",
      "floorId": "F3",
      "type": "duo",
      "capacity": 2,
      "tags": [
        "open"
      ]
    },
    {
      "tableId": "F3-T31",
      "floorId": "F3",
      "type": "duo",
      "capacity": 2,
      "tags": [
        "open"
      ]
    },
    {
      "tableId": "F3-T32",
      "floorId": "F3",
      "type": "duo",
      "capacity": 2,
      "tags": [
        "open"
      ]
    },
    {
      "tableId": "F3-T33",
      "floorId": "F3",
      "type": "duo",
      "capacity": 2,
      "tags": [
        "open"
      ]
    },
    {
      "tableId": "F3-T34",
      "floorId": "F3",
      "type": "duo",
      "capacity": 2,
      "tags": [
        "open"
      ]
    },
    {
      "tableId": "F3-T35",
      "floorId": "F3",
      "type": "duo",
      "capacity": 2,
      "tags": [
        "open"
      ]
    },
    {
      "tableId": "F3-T36",
      "floorId": "F3",
      "type": "duo",
      "capacity": 2,
      "tags": [
        "open"
      ]
    },
    {
      "tableId": "F3-T37",
      "floorId": "F3",
      "type": "group",
      "capacity": 4,
      "tags": [
        "group"
      ]
    },
    {
      "tableId": "F3-T38",
      "floorId": "F3",
      "type": "group",
      "capacity": 4,
      "tags": [
        "group"
      ]
    },
    {
      "tableId": "F3-T39",
      "floorId": "F3",
      "type": "group",
      "capacity": 4,
      "tags": [
        "group"
      ]
    },
    {
      "tableId": "F3-T40",
      "floorId": "F3",
      "type": "group",
      "capacity": 4,
      "tags": [
        "group"
      ]
    },
    {
      "tableId": "F3-T41",
      "floorId": "F3",
      "type": "group",
      "capacity": 4,
      "tags": [
        "group"
      ]
    },
    {
      "tableId": "F3-T42",
      "floorId": "F3",
      "type": "group",
      "capacity": 4,
      "tags": [
        "group"
      ]
    },
    {
      "tableId": "F3-T43",
      "floorId": "F3",
      "type": "group",
      "capacity": 4,
      "tags": [
        "group"
      ]
    },
    {
      "tableId": "F3-T44",
      "floorId": "F3",
      "type": "group",
      "capacity": 4,
      "tags": [
        "group"
      ]
    },
    {
      "tableId": "F3-T45",
      "floorId": "F3",
      "type": "group",
      "capacity": 4,
      "tags": [
        "group"
      ]
    },
    {
      "tableId": "F3-T46",
      "floorId": "F3",
      "type": "group",
      "capacity": 4,
      "tags": [
        "group"
      ]
    },
    {
      "tableId": "F3-T47",
      "floorId": "F3",
      "type": "room",
      "capacity": 6,
      "tags": [
        "group-room",
        "bookable"
      ]
    },
    {
      "tableId": "F3-T48",
      "floorId": "F3",
      "type": "room",
      "capacity": 8,
      "tags": [
        "group-room",
        "bookable"
      ]
    },
    {
      "tableId": "F4-T01",
      "floorId": "F4",
      "type": "individual",
      "capacity": 1,
      "tags": [
        "open"
      ]
    },
    {
      "tableId": "F4-T02",
      "floorId": "F4",
      "type": "individual",
      "capacity": 1,
      "tags": [
        "open"
      ]
    },
    {
      "tableId": "F4-T03",
      "floorId": "F4",
      "type": "individual",
      "capacity": 1,
      "tags": [
        "open"
      ]
    },
    {
      "tableId": "F4-T04",
      "floorId": "F4",
      "type": "individual",
      "capacity": 1,
      "tags": [
        "open"
      ]
    },
    {
      "tableId": "F4-T05",
      "floorId": "F4",
      "type": "individual",
      "capacity": 1,
      "tags": [
        "open"
      ]
    },
    {
      "tableId": "F4-T06",
      "floorId": "F4",
      "type": "individual",
      "capacity": 1,
      "tags": [
        "open"
      ]
    },
    {
      "tableId": "F4-T07",
      "floorId": "F4",
      "type": "individual",
      "capacity": 1,
      "tags": [
        "open"
      ]
    },
    {
      "tableId": "F4-T08",
      "floorId": "F4",
      "type": "individual",
      "capacity": 1,
      "tags": [
        "open"
      ]
    },
    {
      "tableId": "F4-T09",
      "floorId": "F4",
      "type": "individual",
      "capacity": 1,
      "tags": [
        "open"
      ]
    },
    {
      "tableId": "F4-T10",
      "floorId": "F4",
      "type": "individual",
      "capacity": 1,
      "tags": [
        "open"
      ]
    },
    {
      "tableId": "F4-T11",
      "floorId": "F4",
      "type": "individual",
      "capacity": 1,
      "tags": [
        "open"
      ]
    },
    {
      "tableId": "F4-T12",
      "floorId": "F4",
      "type": "individual",
      "capacity": 1,
      "tags": [
        "open"
      ]
    },
    {
      "tableId": "F4-T13",
      "floorId": "F4",
      "type": "individual",
      "capacity": 1,
      "tags": [
        "open"
      ]
    },
    {
      "tableId": "F4-T14",
      "floorId": "F4",
      "type": "individual",
      "capacity": 1,
      "tags": [
        "open"
      ]
    },
    {
      "tableId": "F4-T15",
      "floorId": "F4",
      "type": "individual",
      "capacity": 1,
      "tags": [
        "open"
      ]
    },
    {
      "tableId": "F4-T16",
      "floorId": "F4",
      "type": "individual",
      "capacity": 1,
      "tags": [
        "open"
      ]
    },
    {
      "tableId": "F4-T17",
      "floorId": "F4",
      "type": "individual",
      "capacity": 1,
      "tags": [
        "open"
      ]
    },
    {
      "tableId": "F4-T18",
      "floorId": "F4",
      "type": "individual",
      "capacity": 1,
      "tags": [
        "open"
      ]
    },
    {
      "tableId": "F4-T19",
      "floorId": "F4",
      "type": "individual",
      "capacity": 1,
      "tags": [
        "open"
      ]
    },
    {
      "tableId": "F4-T20",
      "floorId": "F4",
      "type": "individual",
      "capacity": 1,
      "tags": [
        "open"
      ]
    },
    {
      "tableId": "F4-T21",
      "floorId": "F4",
      "type": "duo",
      "capacity": 2,
      "tags": [
        "open"
      ]
    },
    {
      "tableId": "F4-T22",
      "floorId": "F4",
      "type": "duo",
      "capacity": 2,
      "tags": [
        "open"
      ]
    },
    {
      "tableId": "F4-T23",
      "floorId": "F4",
      "type": "duo",
      "capacity": 2,
      "tags": [
        "open"
      ]
    },
    {
      "tableId": "F4-T24",
      "floorId": "F4",
      "type": "duo",
      "capacity": 2,
      "tags": [
        "open"
      ]
    },
    {
      "tableId": "F4-T25",
      "floorId": "F4",
      "type": "duo",
      "capacity": 2,
      "tags": [
        "open"
      ]
    },
    {
      "tableId": "F4-T26",
      "floorId": "F4",
      "type": "duo",
      "capacity": 2,
      "tags": [
        "open"
      ]
    },
    {
      "tableId": "F4-T27",
      "floorId": "F4",
      "type": "duo",
      "capacity": 2,
      "tags": [
        "open"
      ]
    },
    {
      "tableId": "F4-T28",
      "floorId": "F4",
      "type": "duo",
      "capacity": 2,
      "tags": [
        "open"
      ]
    },
    {
      "tableId": "F4-T29",
      "floorId": "F4",
      "type": "duo",
      "capacity": 2,
      "tags": [
        "open"
      ]
    },
    {
      "tableId": "F4-T30",
      "floorId": "F4",
      "type": "duo",
      "capacity": 2,
      "tags": [
        "open"
      ]
    },
    {
      "tableId": "F4-T31",
      "floorId": "F4",
      "type": "duo",
      "capacity": 2,
      "tags": [
        "open"
      ]
    },
    {
      "tableId": "F4-T32",
      "floorId": "F4",
      "type": "duo",
      "capacity": 2,
      "tags": [
        "open"
      ]
    },
    {
      "tableId": "F4-T33",
      "floorId": "F4",
      "type": "group",
      "capacity": 4,
      "tags": [
        "group"
      ]
    },
    {
      "tableId": "F4-T34",
      "floorId": "F4",
      "type": "group",
      "capacity": 4,
      "tags": [
        "group"
      ]
    },
    {
      "tableId": "F4-T35",
      "floorId": "F4",
      "type": "group",
      "capacity": 4,
      "tags": [
        "group"
      ]
    },
    {
      "tableId": "F4-T36",
      "floorId": "F4",
      "type": "group",
      "capacity": 4,
      "tags": [
        "group"
      ]
    },
    {
      "tableId": "F4-T37",
      "floorId": "F4",
      "type": "group",
      "capacity": 4,
      "tags": [
        "group"
      ]
    },
    {
      "tableId": "F4-T38",
      "floorId": "F4",
      "type": "group",
      "capacity": 4,
      "tags": [
        "group"
      ]
    },
    {
      "tableId": "F4-T39",
      "floorId": "F4",
      "type": "group",
      "capacity": 4,
      "tags": [
        "group"
      ]
    },
    {
      "tableId": "F4-T40",
      "floorId": "F4",
      "type": "group",
      "capacity": 4,
      "tags": [
        "group"
      ]
    },
    {
      "tableId": "F4-T41",
      "floorId": "F4",
      "type": "group",
      "capacity": 4,
      "tags": [
        "group"
      ]
    },
    {
      "tableId": "F4-T42",
      "floorId": "F4",
      "type": "group",
      "capacity": 4,
      "tags": [
        "group"
      ]
    },
    {
      "tableId": "F4-T43",
      "floorId": "F4",
      "type": "room",
      "capacity": 8,
      "tags": [
        "group-room",
        "bookable"
      ]
    },
    {
      "tableId": "F5-T01",
      "floorId": "F5",
      "type": "individual",
      "capacity": 1,
      "tags": [
        "quiet",
        "solo"
      ]
    },
    {
      "tableId": "F5-T02",
      "floorId": "F5",
      "type": "individual",
      "capacity": 1,
      "tags": [
        "quiet",
        "solo"
      ]
    },
    {
      "tableId": "F5-T03",
      "floorId": "F5",
      "type": "individual",
      "capacity": 1,
      "tags": [
        "quiet",
        "solo"
      ]
    },
    {
      "tableId": "F5-T04",
      "floorId": "F5",
      "type": "individual",
      "capacity": 1,
      "tags": [
        "quiet",
        "solo"
      ]
    },
    {
      "tableId": "F5-T05",
      "floorId": "F5",
      "type": "individual",
      "capacity": 1,
      "tags": [
        "quiet",
        "solo"
      ]
    },
    {
      "tableId": "F5-T06",
      "floorId": "F5",
      "type": "individual",
      "capacity": 1,
      "tags": [
        "quiet",
        "solo"
      ]
    },
    {
      "tableId": "F5-T07",
      "floorId": "F5",
      "type": "individual",
      "capacity": 1,
      "tags": [
        "quiet",
        "solo"
      ]
    },
    {
      "tableId": "F5-T08",
      "floorId": "F5",
      "type": "individual",
      "capacity": 1,
      "tags": [
        "quiet",
        "solo"
      ]
    },
    {
      "tableId": "F5-T09",
      "floorId": "F5",
      "type": "individual",
      "capacity": 1,
      "tags": [
        "quiet",
        "solo"
      ]
    },
    {
      "tableId": "F5-T10",
      "floorId": "F5",
      "type": "individual",
      "capacity": 1,
      "tags": [
        "quiet",
        "solo"
      ]
    },
    {
      "tableId": "F5-T11",
      "floorId": "F5",
      "type": "individual",
      "capacity": 1,
      "tags": [
        "quiet",
        "solo"
      ]
    },
    {
      "tableId": "F5-T12",
      "floorId": "F5",
      "type": "individual",
      "capacity": 1,
      "tags": [
        "quiet",
        "solo"
      ]
    },
    {
      "tableId": "F5-T13",
      "floorId": "F5",
      "type": "individual",
      "capacity": 1,
      "tags": [
        "quiet",
        "solo"
      ]
    },
    {
      "tableId": "F5-T14",
      "floorId": "F5",
      "type": "individual",
      "capacity": 1,
      "tags": [
        "quiet",
        "solo"
      ]
    },
    {
      "tableId": "F5-T15",
      "floorId": "F5",
      "type": "individual",
      "capacity": 1,
      "tags": [
        "quiet",
        "solo"
      ]
    },
    {
      "tableId": "F5-T16",
      "floorId": "F5",
      "type": "individual",
      "capacity": 1,
      "tags": [
        "quiet",
        "solo"
      ]
    },
    {
      "tableId": "F5-T17",
      "floorId": "F5",
      "type": "individual",
      "capacity": 1,
      "tags": [
        "quiet",
        "solo"
      ]
    },
    {
      "tableId": "F5-T18",
      "floorId": "F5",
      "type": "individual",
      "capacity": 1,
      "tags": [
        "quiet",
        "solo"
      ]
    },
    {
      "tableId": "F5-T19",
      "floorId": "F5",
      "type": "individual",
      "capacity": 1,
      "tags": [
        "quiet",
        "solo"
      ]
    },
    {
      "tableId": "F5-T20",
      "floorId": "F5",
      "type": "individual",
      "capacity": 1,
      "tags": [
        "quiet",
        "solo"
      ]
    },
    {
      "tableId": "F5-T21",
      "floorId": "F5",
      "type": "duo",
      "capacity": 2,
      "tags": [
        "quiet"
      ]
    },
    {
      "tableId": "F5-T22",
      "floorId": "F5",
      "type": "duo",
      "capacity": 2,
      "tags": [
        "quiet"
      ]
    },
    {
      "tableId": "F5-T23",
      "floorId": "F5",
      "type": "duo",
      "capacity": 2,
      "tags": [
        "quiet"
      ]
    },
    {
      "tableId": "F5-T24",
      "floorId": "F5",
      "type": "duo",
      "capacity": 2,
      "tags": [
        "quiet"
      ]
    },
    {
      "tableId": "F5-T25",
      "floorId": "F5",
      "type": "duo",
      "capacity": 2,
      "tags": [
        "quiet"
      ]
    },
    {
      "tableId": "F5-T26",
      "floorId": "F5",
      "type": "duo",
      "capacity": 2,
      "tags": [
        "quiet"
      ]
    },
    {
      "tableId": "F5-T27",
      "floorId": "F5",
      "type": "duo",
      "capacity": 2,
      "tags": [
        "quiet"
      ]
    },
    {
      "tableId": "F5-T28",
      "floorId": "F5",
      "type": "duo",
      "capacity": 2,
      "tags": [
        "quiet"
      ]
    },
    {
      "tableId": "F5-T29",
      "floorId": "F5",
      "type": "duo",
      "capacity": 2,
      "tags": [
        "quiet"
      ]
    },
    {
      "tableId": "F5-T30",
      "floorId": "F5",
      "type": "duo",
      "capacity": 2,
      "tags": [
        "quiet"
      ]
    },
    {
      "tableId": "F5-T31",
      "floorId": "F5",
      "type": "group",
      "capacity": 4,
      "tags": [
        "quiet-group"
      ]
    },
    {
      "tableId": "F5-T32",
      "floorId": "F5",
      "type": "group",
      "capacity": 4,
      "tags": [
        "quiet-group"
      ]
    },
    {
      "tableId": "F5-T33",
      "floorId": "F5",
      "type": "group",
      "capacity": 4,
      "tags": [
        "quiet-group"
      ]
    },
    {
      "tableId": "F6-T01",
      "floorId": "F6",
      "type": "individual",
      "capacity": 1,
      "tags": [
        "quiet",
        "solo"
      ]
    },
    {
      "tableId": "F6-T02",
      "floorId": "F6",
      "type": "individual",
      "capacity": 1,
      "tags": [
        "quiet",
        "solo"
      ]
    },
    {
      "tableId": "F6-T03",
      "floorId": "F6",
      "type": "individual",
      "capacity": 1,
      "tags": [
        "quiet",
        "solo"
      ]
    },
    {
      "tableId": "F6-T04",
      "floorId": "F6",
      "type": "individual",
      "capacity": 1,
      "tags": [
        "quiet",
        "solo"
      ]
    },
    {
      "tableId": "F6-T05",
      "floorId": "F6",
      "type": "individual",
      "capacity": 1,
      "tags": [
        "quiet",
        "solo"
      ]
    },
    {
      "tableId": "F6-T06",
      "floorId": "F6",
      "type": "individual",
      "capacity": 1,
      "tags": [
        "quiet",
        "solo"
      ]
    },
    {
      "tableId": "F6-T07",
      "floorId": "F6",
      "type": "individual",
      "capacity": 1,
      "tags": [
        "quiet",
        "solo"
      ]
    },
    {
      "tableId": "F6-T08",
      "floorId": "F6",
      "type": "individual",
      "capacity": 1,
      "tags": [
        "quiet",
        "solo"
      ]
    },
    {
      "tableId": "F6-T09",
      "floorId": "F6",
      "type": "individual",
      "capacity": 1,
      "tags": [
        "quiet",
        "solo"
      ]
    },
    {
      "tableId": "F6-T10",
      "floorId": "F6",
      "type": "individual",
      "capacity": 1,
      "tags": [
        "quiet",
        "solo"
      ]
    },
    {
      "tableId": "F6-T11",
      "floorId": "F6",
      "type": "individual",
      "capacity": 1,
      "tags": [
        "quiet",
        "solo"
      ]
    },
    {
      "tableId": "F6-T12",
      "floorId": "F6",
      "type": "individual",
      "capacity": 1,
      "tags": [
        "quiet",
        "solo"
      ]
    },
    {
      "tableId": "F6-T13",
      "floorId": "F6",
      "type": "individual",
      "capacity": 1,
      "tags": [
        "quiet",
        "solo"
      ]
    },
    {
      "tableId": "F6-T14",
      "floorId": "F6",
      "type": "individual",
      "capacity": 1,
      "tags": [
        "quiet",
        "solo"
      ]
    },
    {
      "tableId": "F6-T15",
      "floorId": "F6",
      "type": "individual",
      "capacity": 1,
      "tags": [
        "quiet",
        "solo"
      ]
    },
    {
      "tableId": "F6-T16",
      "floorId": "F6",
      "type": "individual",
      "capacity": 1,
      "tags": [
        "quiet",
        "solo"
      ]
    },
    {
      "tableId": "F6-T17",
      "floorId": "F6",
      "type": "individual",
      "capacity": 1,
      "tags": [
        "quiet",
        "solo"
      ]
    },
    {
      "tableId": "F6-T18",
      "floorId": "F6",
      "type": "individual",
      "capacity": 1,
      "tags": [
        "quiet",
        "solo"
      ]
    },
    {
      "tableId": "F6-T19",
      "floorId": "F6",
      "type": "individual",
      "capacity": 1,
      "tags": [
        "quiet",
        "solo"
      ]
    },
    {
      "tableId": "F6-T20",
      "floorId": "F6",
      "type": "individual",
      "capacity": 1,
      "tags": [
        "quiet",
        "solo"
      ]
    },
    {
      "tableId": "F6-T21",
      "floorId": "F6",
      "type": "duo",
      "capacity": 2,
      "tags": [
        "quiet"
      ]
    },
    {
      "tableId": "F6-T22",
      "floorId": "F6",
      "type": "duo",
      "capacity": 2,
      "tags": [
        "quiet"
      ]
    },
    {
      "tableId": "F6-T23",
      "floorId": "F6",
      "type": "duo",
      "capacity": 2,
      "tags": [
        "quiet"
      ]
    },
    {
      "tableId": "F6-T24",
      "floorId": "F6",
      "type": "duo",
      "capacity": 2,
      "tags": [
        "quiet"
      ]
    },
    {
      "tableId": "F6-T25",
      "floorId": "F6",
      "type": "duo",
      "capacity": 2,
      "tags": [
        "quiet"
      ]
    },
    {
      "tableId": "F6-T26",
      "floorId": "F6",
      "type": "duo",
      "capacity": 2,
      "tags": [
        "quiet"
      ]
    },
    {
      "tableId": "F6-T27",
      "floorId": "F6",
      "type": "duo",
      "capacity": 2,
      "tags": [
        "quiet"
      ]
    },
    {
      "tableId": "F6-T28",
      "floorId": "F6",
      "type": "duo",
      "capacity": 2,
      "tags": [
        "quiet"
      ]
    },
    {
      "tableId": "F6-T29",
      "floorId": "F6",
      "type": "duo",
      "capacity": 2,
      "tags": [
        "quiet"
      ]
    },
    {
      "tableId": "F6-T30",
      "floorId": "F6",
      "type": "duo",
      "capacity": 2,
      "tags": [
        "quiet"
      ]
    },
    {
      "tableId": "F6-T31",
      "floorId": "F6",
      "type": "group",
      "capacity": 4,
      "tags": [
        "quiet-group"
      ]
    },
    {
      "tableId": "F6-T32",
      "floorId": "F6",
      "type": "group",
      "capacity": 4,
      "tags": [
        "quiet-group"
      ]
    },
    {
      "tableId": "F6-T33",
      "floorId": "F6",
      "type": "group",
      "capacity": 4,
      "tags": [
        "quiet-group"
      ]
    },
    {
      "tableId": "F7-T01",
      "floorId": "F7",
      "type": "individual",
      "capacity": 1,
      "tags": [
        "quiet",
        "solo"
      ]
    },
    {
      "tableId": "F7-T02",
      "floorId": "F7",
      "type": "individual",
      "capacity": 1,
      "tags": [
        "quiet",
        "solo"
      ]
    },
    {
      "tableId": "F7-T03",
      "floorId": "F7",
      "type": "individual",
      "capacity": 1,
      "tags": [
        "quiet",
        "solo"
      ]
    },
    {
      "tableId": "F7-T04",
      "floorId": "F7",
      "type": "individual",
      "capacity": 1,
      "tags": [
        "quiet",
        "solo"
      ]
    },
    {
      "tableId": "F7-T05",
      "floorId": "F7",
      "type": "individual",
      "capacity": 1,
      "tags": [
        "quiet",
        "solo"
      ]
    },
    {
      "tableId": "F7-T06",
      "floorId": "F7",
      "type": "individual",
      "capacity": 1,
      "tags": [
        "quiet",
        "solo"
      ]
    },
    {
      "tableId": "F7-T07",
      "floorId": "F7",
      "type": "individual",
      "capacity": 1,
      "tags": [
        "quiet",
        "solo"
      ]
    },
    {
      "tableId": "F7-T08",
      "floorId": "F7",
      "type": "individual",
      "capacity": 1,
      "tags": [
        "quiet",
        "solo"
      ]
    },
    {
      "tableId": "F7-T09",
      "floorId": "F7",
      "type": "individual",
      "capacity": 1,
      "tags": [
        "quiet",
        "solo"
      ]
    },
    {
      "tableId": "F7-T10",
      "floorId": "F7",
      "type": "individual",
      "capacity": 1,
      "tags": [
        "quiet",
        "solo"
      ]
    },
    {
      "tableId": "F7-T11",
      "floorId": "F7",
      "type": "individual",
      "capacity": 1,
      "tags": [
        "quiet",
        "solo"
      ]
    },
    {
      "tableId": "F7-T12",
      "floorId": "F7",
      "type": "individual",
      "capacity": 1,
      "tags": [
        "quiet",
        "solo"
      ]
    },
    {
      "tableId": "F7-T13",
      "floorId": "F7",
      "type": "individual",
      "capacity": 1,
      "tags": [
        "quiet",
        "solo"
      ]
    },
    {
      "tableId": "F7-T14",
      "floorId": "F7",
      "type": "individual",
      "capacity": 1,
      "tags": [
        "quiet",
        "solo"
      ]
    },
    {
      "tableId": "F7-T15",
      "floorId": "F7",
      "type": "individual",
      "capacity": 1,
      "tags": [
        "quiet",
        "solo"
      ]
    },
    {
      "tableId": "F7-T16",
      "floorId": "F7",
      "type": "individual",
      "capacity": 1,
      "tags": [
        "quiet",
        "solo"
      ]
    },
    {
      "tableId": "F7-T17",
      "floorId": "F7",
      "type": "individual",
      "capacity": 1,
      "tags": [
        "quiet",
        "solo"
      ]
    },
    {
      "tableId": "F7-T18",
      "floorId": "F7",
      "type": "individual",
      "capacity": 1,
      "tags": [
        "quiet",
        "solo"
      ]
    },
    {
      "tableId": "F7-T19",
      "floorId": "F7",
      "type": "individual",
      "capacity": 1,
      "tags": [
        "quiet",
        "solo"
      ]
    },
    {
      "tableId": "F7-T20",
      "floorId": "F7",
      "type": "individual",
      "capacity": 1,
      "tags": [
        "quiet",
        "solo"
      ]
    },
    {
      "tableId": "F7-T21",
      "floorId": "F7",
      "type": "duo",
      "capacity": 2,
      "tags": [
        "quiet"
      ]
    },
    {
      "tableId": "F7-T22",
      "floorId": "F7",
      "type": "duo",
      "capacity": 2,
      "tags": [
        "quiet"
      ]
    },
    {
      "tableId": "F7-T23",
      "floorId": "F7",
      "type": "duo",
      "capacity": 2,
      "tags": [
        "quiet"
      ]
    },
    {
      "tableId": "F7-T24",
      "floorId": "F7",
      "type": "duo",
      "capacity": 2,
      "tags": [
        "quiet"
      ]
    },
    {
      "tableId": "F7-T25",
      "floorId": "F7",
      "type": "duo",
      "capacity": 2,
      "tags": [
        "quiet"
      ]
    },
    {
      "tableId": "F7-T26",
      "floorId": "F7",
      "type": "duo",
      "capacity": 2,
      "tags": [
        "quiet"
      ]
    },
    {
      "tableId": "F7-T27",
      "floorId": "F7",
      "type": "duo",
      "capacity": 2,
      "tags": [
        "quiet"
      ]
    },
    {
      "tableId": "F7-T28",
      "floorId": "F7",
      "type": "duo",
      "capacity": 2,
      "tags": [
        "quiet"
      ]
    },
    {
      "tableId": "F7-T29",
      "floorId": "F7",
      "type": "duo",
      "capacity": 2,
      "tags": [
        "quiet"
      ]
    },
    {
      "tableId": "F7-T30",
      "floorId": "F7",
      "type": "duo",
      "capacity": 2,
      "tags": [
        "quiet"
      ]
    },
    {
      "tableId": "F7-T31",
      "floorId": "F7",
      "type": "group",
      "capacity": 4,
      "tags": [
        "quiet-group"
      ]
    },
    {
      "tableId": "F7-T32",
      "floorId": "F7",
      "type": "group",
      "capacity": 4,
      "tags": [
        "quiet-group"
      ]
    },
    {
      "tableId": "F7-T33",
      "floorId": "F7",
      "type": "group",
      "capacity": 4,
      "tags": [
        "quiet-group"
      ]
    },
    {
      "tableId": "F8-T01",
      "floorId": "F8",
      "type": "individual",
      "capacity": 1,
      "tags": [
        "quiet",
        "solo"
      ]
    },
    {
      "tableId": "F8-T02",
      "floorId": "F8",
      "type": "individual",
      "capacity": 1,
      "tags": [
        "quiet",
        "solo"
      ]
    },
    {
      "tableId": "F8-T03",
      "floorId": "F8",
      "type": "individual",
      "capacity": 1,
      "tags": [
        "quiet",
        "solo"
      ]
    },
    {
      "tableId": "F8-T04",
      "floorId": "F8",
      "type": "individual",
      "capacity": 1,
      "tags": [
        "quiet",
        "solo"
      ]
    },
    {
      "tableId": "F8-T05",
      "floorId": "F8",
      "type": "individual",
      "capacity": 1,
      "tags": [
        "quiet",
        "solo"
      ]
    },
    {
      "tableId": "F8-T06",
      "floorId": "F8",
      "type": "individual",
      "capacity": 1,
      "tags": [
        "quiet",
        "solo"
      ]
    },
    {
      "tableId": "F8-T07",
      "floorId": "F8",
      "type": "individual",
      "capacity": 1,
      "tags": [
        "quiet",
        "solo"
      ]
    },
    {
      "tableId": "F8-T08",
      "floorId": "F8",
      "type": "individual",
      "capacity": 1,
      "tags": [
        "quiet",
        "solo"
      ]
    },
    {
      "tableId": "F8-T09",
      "floorId": "F8",
      "type": "individual",
      "capacity": 1,
      "tags": [
        "quiet",
        "solo"
      ]
    },
    {
      "tableId": "F8-T10",
      "floorId": "F8",
      "type": "individual",
      "capacity": 1,
      "tags": [
        "quiet",
        "solo"
      ]
    },
    {
      "tableId": "F8-T11",
      "floorId": "F8",
      "type": "individual",
      "capacity": 1,
      "tags": [
        "quiet",
        "solo"
      ]
    },
    {
      "tableId": "F8-T12",
      "floorId": "F8",
      "type": "individual",
      "capacity": 1,
      "tags": [
        "quiet",
        "solo"
      ]
    },
    {
      "tableId": "F8-T13",
      "floorId": "F8",
      "type": "individual",
      "capacity": 1,
      "tags": [
        "quiet",
        "solo"
      ]
    },
    {
      "tableId": "F8-T14",
      "floorId": "F8",
      "type": "individual",
      "capacity": 1,
      "tags": [
        "quiet",
        "solo"
      ]
    },
    {
      "tableId": "F8-T15",
      "floorId": "F8",
      "type": "individual",
      "capacity": 1,
      "tags": [
        "quiet",
        "solo"
      ]
    },
    {
      "tableId": "F8-T16",
      "floorId": "F8",
      "type": "individual",
      "capacity": 1,
      "tags": [
        "quiet",
        "solo"
      ]
    },
    {
      "tableId": "F8-T17",
      "floorId": "F8",
      "type": "individual",
      "capacity": 1,
      "tags": [
        "quiet",
        "solo"
      ]
    },
    {
      "tableId": "F8-T18",
      "floorId": "F8",
      "type": "individual",
      "capacity": 1,
      "tags": [
        "quiet",
        "solo"
      ]
    },
    {
      "tableId": "F8-T19",
      "floorId": "F8",
      "type": "individual",
      "capacity": 1,
      "tags": [
        "quiet",
        "solo"
      ]
    },
    {
      "tableId": "F8-T20",
      "floorId": "F8",
      "type": "individual",
      "capacity": 1,
      "tags": [
        "quiet",
        "solo"
      ]
    },
    {
      "tableId": "F8-T21",
      "floorId": "F8",
      "type": "duo",
      "capacity": 2,
      "tags": [
        "quiet"
      ]
    },
    {
      "tableId": "F8-T22",
      "floorId": "F8",
      "type": "duo",
      "capacity": 2,
      "tags": [
        "quiet"
      ]
    },
    {
      "tableId": "F8-T23",
      "floorId": "F8",
      "type": "duo",
      "capacity": 2,
      "tags": [
        "quiet"
      ]
    },
    {
      "tableId": "F8-T24",
      "floorId": "F8",
      "type": "duo",
      "capacity": 2,
      "tags": [
        "quiet"
      ]
    },
    {
      "tableId": "F8-T25",
      "floorId": "F8",
      "type": "duo",
      "capacity": 2,
      "tags": [
        "quiet"
      ]
    },
    {
      "tableId": "F8-T26",
      "floorId": "F8",
      "type": "duo",
      "capacity": 2,
      "tags": [
        "quiet"
      ]
    },
    {
      "tableId": "F8-T27",
      "floorId": "F8",
      "type": "duo",
      "capacity": 2,
      "tags": [
        "quiet"
      ]
    },
    {
      "tableId": "F8-T28",
      "floorId": "F8",
      "type": "duo",
      "capacity": 2,
      "tags": [
        "quiet"
      ]
    },
    {
      "tableId": "F8-T29",
      "floorId": "F8",
      "type": "duo",
      "capacity": 2,
      "tags": [
        "quiet"
      ]
    },
    {
      "tableId": "F8-T30",
      "floorId": "F8",
      "type": "duo",
      "capacity": 2,
      "tags": [
        "quiet"
      ]
    },
    {
      "tableId": "F8-T31",
      "floorId": "F8",
      "type": "group",
      "capacity": 4,
      "tags": [
        "quiet-group"
      ]
    },
    {
      "tableId": "F8-T32",
      "floorId": "F8",
      "type": "group",
      "capacity": 4,
      "tags": [
        "quiet-group"
      ]
    },
    {
      "tableId": "F8-T33",
      "floorId": "F8",
      "type": "group",
      "capacity": 4,
      "tags": [
        "quiet-group"
      ]
    },
    {
      "tableId": "F9-T01",
      "floorId": "F9",
      "type": "individual",
      "capacity": 1,
      "tags": [
        "quiet",
        "solo"
      ]
    },
    {
      "tableId": "F9-T02",
      "floorId": "F9",
      "type": "individual",
      "capacity": 1,
      "tags": [
        "quiet",
        "solo"
      ]
    },
    {
      "tableId": "F9-T03",
      "floorId": "F9",
      "type": "individual",
      "capacity": 1,
      "tags": [
        "quiet",
        "solo"
      ]
    },
    {
      "tableId": "F9-T04",
      "floorId": "F9",
      "type": "individual",
      "capacity": 1,
      "tags": [
        "quiet",
        "solo"
      ]
    },
    {
      "tableId": "F9-T05",
      "floorId": "F9",
      "type": "individual",
      "capacity": 1,
      "tags": [
        "quiet",
        "solo"
      ]
    },
    {
      "tableId": "F9-T06",
      "floorId": "F9",
      "type": "individual",
      "capacity": 1,
      "tags": [
        "quiet",
        "solo"
      ]
    },
    {
      "tableId": "F9-T07",
      "floorId": "F9",
      "type": "individual",
      "capacity": 1,
      "tags": [
        "quiet",
        "solo"
      ]
    },
    {
      "tableId": "F9-T08",
      "floorId": "F9",
      "type": "individual",
      "capacity": 1,
      "tags": [
        "quiet",
        "solo"
      ]
    },
    {
      "tableId": "F9-T09",
      "floorId": "F9",
      "type": "individual",
      "capacity": 1,
      "tags": [
        "quiet",
        "solo"
      ]
    },
    {
      "tableId": "F9-T10",
      "floorId": "F9",
      "type": "individual",
      "capacity": 1,
      "tags": [
        "quiet",
        "solo"
      ]
    },
    {
      "tableId": "F9-T11",
      "floorId": "F9",
      "type": "individual",
      "capacity": 1,
      "tags": [
        "quiet",
        "solo"
      ]
    },
    {
      "tableId": "F9-T12",
      "floorId": "F9",
      "type": "individual",
      "capacity": 1,
      "tags": [
        "quiet",
        "solo"
      ]
    },
    {
      "tableId": "F9-T13",
      "floorId": "F9",
      "type": "individual",
      "capacity": 1,
      "tags": [
        "quiet",
        "solo"
      ]
    },
    {
      "tableId": "F9-T14",
      "floorId": "F9",
      "type": "individual",
      "capacity": 1,
      "tags": [
        "quiet",
        "solo"
      ]
    },
    {
      "tableId": "F9-T15",
      "floorId": "F9",
      "type": "individual",
      "capacity": 1,
      "tags": [
        "quiet",
        "solo"
      ]
    },
    {
      "tableId": "F9-T16",
      "floorId": "F9",
      "type": "individual",
      "capacity": 1,
      "tags": [
        "quiet",
        "solo"
      ]
    },
    {
      "tableId": "F9-T17",
      "floorId": "F9",
      "type": "individual",
      "capacity": 1,
      "tags": [
        "quiet",
        "solo"
      ]
    },
    {
      "tableId": "F9-T18",
      "floorId": "F9",
      "type": "individual",
      "capacity": 1,
      "tags": [
        "quiet",
        "solo"
      ]
    },
    {
      "tableId": "F9-T19",
      "floorId": "F9",
      "type": "individual",
      "capacity": 1,
      "tags": [
        "quiet",
        "solo"
      ]
    },
    {
      "tableId": "F9-T20",
      "floorId": "F9",
      "type": "individual",
      "capacity": 1,
      "tags": [
        "quiet",
        "solo"
      ]
    },
    {
      "tableId": "F9-T21",
      "floorId": "F9",
      "type": "duo",
      "capacity": 2,
      "tags": [
        "quiet"
      ]
    },
    {
      "tableId": "F9-T22",
      "floorId": "F9",
      "type": "duo",
      "capacity": 2,
      "tags": [
        "quiet"
      ]
    },
    {
      "tableId": "F9-T23",
      "floorId": "F9",
      "type": "duo",
      "capacity": 2,
      "tags": [
        "quiet"
      ]
    },
    {
      "tableId": "F9-T24",
      "floorId": "F9",
      "type": "duo",
      "capacity": 2,
      "tags": [
        "quiet"
      ]
    },
    {
      "tableId": "F9-T25",
      "floorId": "F9",
      "type": "duo",
      "capacity": 2,
      "tags": [
        "quiet"
      ]
    },
    {
      "tableId": "F9-T26",
      "floorId": "F9",
      "type": "duo",
      "capacity": 2,
      "tags": [
        "quiet"
      ]
    },
    {
      "tableId": "F9-T27",
      "floorId": "F9",
      "type": "duo",
      "capacity": 2,
      "tags": [
        "quiet"
      ]
    },
    {
      "tableId": "F9-T28",
      "floorId": "F9",
      "type": "duo",
      "capacity": 2,
      "tags": [
        "quiet"
      ]
    },
    {
      "tableId": "F9-T29",
      "floorId": "F9",
      "type": "duo",
      "capacity": 2,
      "tags": [
        "quiet"
      ]
    },
    {
      "tableId": "F9-T30",
      "floorId": "F9",
      "type": "duo",
      "capacity": 2,
      "tags": [
        "quiet"
      ]
    },
    {
      "tableId": "F9-T31",
      "floorId": "F9",
      "type": "group",
      "capacity": 4,
      "tags": [
        "quiet-group"
      ]
    },
    {
      "tableId": "F9-T32",
      "floorId": "F9",
      "type": "group",
      "capacity": 4,
      "tags": [
        "quiet-group"
      ]
    },
    {
      "tableId": "F9-T33",
      "floorId": "F9",
      "type": "group",
      "capacity": 4,
      "tags": [
        "quiet-group"
      ]
    },
    {
      "tableId": "F10-T01",
      "floorId": "F10",
      "type": "individual",
      "capacity": 1,
      "tags": [
        "quiet",
        "solo"
      ]
    },
    {
      "tableId": "F10-T02",
      "floorId": "F10",
      "type": "individual",
      "capacity": 1,
      "tags": [
        "quiet",
        "solo"
      ]
    },
    {
      "tableId": "F10-T03",
      "floorId": "F10",
      "type": "individual",
      "capacity": 1,
      "tags": [
        "quiet",
        "solo"
      ]
    },
    {
      "tableId": "F10-T04",
      "floorId": "F10",
      "type": "individual",
      "capacity": 1,
      "tags": [
        "quiet",
        "solo"
      ]
    },
    {
      "tableId": "F10-T05",
      "floorId": "F10",
      "type": "individual",
      "capacity": 1,
      "tags": [
        "quiet",
        "solo"
      ]
    },
    {
      "tableId": "F10-T06",
      "floorId": "F10",
      "type": "individual",
      "capacity": 1,
      "tags": [
        "quiet",
        "solo"
      ]
    },
    {
      "tableId": "F10-T07",
      "floorId": "F10",
      "type": "individual",
      "capacity": 1,
      "tags": [
        "quiet",
        "solo"
      ]
    },
    {
      "tableId": "F10-T08",
      "floorId": "F10",
      "type": "individual",
      "capacity": 1,
      "tags": [
        "quiet",
        "solo"
      ]
    },
    {
      "tableId": "F10-T09",
      "floorId": "F10",
      "type": "individual",
      "capacity": 1,
      "tags": [
        "quiet",
        "solo"
      ]
    },
    {
      "tableId": "F10-T10",
      "floorId": "F10",
      "type": "individual",
      "capacity": 1,
      "tags": [
        "quiet",
        "solo"
      ]
    },
    {
      "tableId": "F10-T11",
      "floorId": "F10",
      "type": "individual",
      "capacity": 1,
      "tags": [
        "quiet",
        "solo"
      ]
    },
    {
      "tableId": "F10-T12",
      "floorId": "F10",
      "type": "individual",
      "capacity": 1,
      "tags": [
        "quiet",
        "solo"
      ]
    },
    {
      "tableId": "F10-T13",
      "floorId": "F10",
      "type": "individual",
      "capacity": 1,
      "tags": [
        "quiet",
        "solo"
      ]
    },
    {
      "tableId": "F10-T14",
      "floorId": "F10",
      "type": "individual",
      "capacity": 1,
      "tags": [
        "quiet",
        "solo"
      ]
    },
    {
      "tableId": "F10-T15",
      "floorId": "F10",
      "type": "individual",
      "capacity": 1,
      "tags": [
        "quiet",
        "solo"
      ]
    },
    {
      "tableId": "F10-T16",
      "floorId": "F10",
      "type": "individual",
      "capacity": 1,
      "tags": [
        "quiet",
        "solo"
      ]
    },
    {
      "tableId": "F10-T17",
      "floorId": "F10",
      "type": "individual",
      "capacity": 1,
      "tags": [
        "quiet",
        "solo"
      ]
    },
    {
      "tableId": "F10-T18",
      "floorId": "F10",
      "type": "individual",
      "capacity": 1,
      "tags": [
        "quiet",
        "solo"
      ]
    },
    {
      "tableId": "F10-T19",
      "floorId": "F10",
      "type": "individual",
      "capacity": 1,
      "tags": [
        "quiet",
        "solo"
      ]
    },
    {
      "tableId": "F10-T20",
      "floorId": "F10",
      "type": "individual",
      "capacity": 1,
      "tags": [
        "quiet",
        "solo"
      ]
    },
    {
      "tableId": "F10-T21",
      "floorId": "F10",
      "type": "duo",
      "capacity": 2,
      "tags": [
        "quiet"
      ]
    },
    {
      "tableId": "F10-T22",
      "floorId": "F10",
      "type": "duo",
      "capacity": 2,
      "tags": [
        "quiet"
      ]
    },
    {
      "tableId": "F10-T23",
      "floorId": "F10",
      "type": "duo",
      "capacity": 2,
      "tags": [
        "quiet"
      ]
    },
    {
      "tableId": "F10-T24",
      "floorId": "F10",
      "type": "duo",
      "capacity": 2,
      "tags": [
        "quiet"
      ]
    },
    {
      "tableId": "F10-T25",
      "floorId": "F10",
      "type": "duo",
      "capacity": 2,
      "tags": [
        "quiet"
      ]
    },
    {
      "tableId": "F10-T26",
      "floorId": "F10",
      "type": "duo",
      "capacity": 2,
      "tags": [
        "quiet"
      ]
    },
    {
      "tableId": "F10-T27",
      "floorId": "F10",
      "type": "duo",
      "capacity": 2,
      "tags": [
        "quiet"
      ]
    },
    {
      "tableId": "F10-T28",
      "floorId": "F10",
      "type": "duo",
      "capacity": 2,
      "tags": [
        "quiet"
      ]
    },
    {
      "tableId": "F10-T29",
      "floorId": "F10",
      "type": "duo",
      "capacity": 2,
      "tags": [
        "quiet"
      ]
    },
    {
      "tableId": "F10-T30",
      "floorId": "F10",
      "type": "duo",
      "capacity": 2,
      "tags": [
        "quiet"
      ]
    },
    {
      "tableId": "F10-T31",
      "floorId": "F10",
      "type": "group",
      "capacity": 4,
      "tags": [
        "quiet-group"
      ]
    },
    {
      "tableId": "F10-T32",
      "floorId": "F10",
      "type": "group",
      "capacity": 4,
      "tags": [
        "quiet-group"
      ]
    },
    {
      "tableId": "F10-T33",
      "floorId": "F10",
      "type": "group",
      "capacity": 4,
      "tags": [
        "quiet-group"
      ]
    },
    {
      "tableId": "F11-T01",
      "floorId": "F11",
      "type": "individual",
      "capacity": 1,
      "tags": [
        "quiet",
        "solo"
      ]
    },
    {
      "tableId": "F11-T02",
      "floorId": "F11",
      "type": "individual",
      "capacity": 1,
      "tags": [
        "quiet",
        "solo"
      ]
    },
    {
      "tableId": "F11-T03",
      "floorId": "F11",
      "type": "individual",
      "capacity": 1,
      "tags": [
        "quiet",
        "solo"
      ]
    },
    {
      "tableId": "F11-T04",
      "floorId": "F11",
      "type": "individual",
      "capacity": 1,
      "tags": [
        "quiet",
        "solo"
      ]
    },
    {
      "tableId": "F11-T05",
      "floorId": "F11",
      "type": "individual",
      "capacity": 1,
      "tags": [
        "quiet",
        "solo"
      ]
    },
    {
      "tableId": "F11-T06",
      "floorId": "F11",
      "type": "individual",
      "capacity": 1,
      "tags": [
        "quiet",
        "solo"
      ]
    },
    {
      "tableId": "F11-T07",
      "floorId": "F11",
      "type": "individual",
      "capacity": 1,
      "tags": [
        "quiet",
        "solo"
      ]
    },
    {
      "tableId": "F11-T08",
      "floorId": "F11",
      "type": "individual",
      "capacity": 1,
      "tags": [
        "quiet",
        "solo"
      ]
    },
    {
      "tableId": "F11-T09",
      "floorId": "F11",
      "type": "individual",
      "capacity": 1,
      "tags": [
        "quiet",
        "solo"
      ]
    },
    {
      "tableId": "F11-T10",
      "floorId": "F11",
      "type": "individual",
      "capacity": 1,
      "tags": [
        "quiet",
        "solo"
      ]
    },
    {
      "tableId": "F11-T11",
      "floorId": "F11",
      "type": "individual",
      "capacity": 1,
      "tags": [
        "quiet",
        "solo"
      ]
    },
    {
      "tableId": "F11-T12",
      "floorId": "F11",
      "type": "individual",
      "capacity": 1,
      "tags": [
        "quiet",
        "solo"
      ]
    },
    {
      "tableId": "F11-T13",
      "floorId": "F11",
      "type": "individual",
      "capacity": 1,
      "tags": [
        "quiet",
        "solo"
      ]
    },
    {
      "tableId": "F11-T14",
      "floorId": "F11",
      "type": "individual",
      "capacity": 1,
      "tags": [
        "quiet",
        "solo"
      ]
    },
    {
      "tableId": "F11-T15",
      "floorId": "F11",
      "type": "individual",
      "capacity": 1,
      "tags": [
        "quiet",
        "solo"
      ]
    },
    {
      "tableId": "F11-T16",
      "floorId": "F11",
      "type": "individual",
      "capacity": 1,
      "tags": [
        "quiet",
        "solo"
      ]
    },
    {
      "tableId": "F11-T17",
      "floorId": "F11",
      "type": "individual",
      "capacity": 1,
      "tags": [
        "quiet",
        "solo"
      ]
    },
    {
      "tableId": "F11-T18",
      "floorId": "F11",
      "type": "individual",
      "capacity": 1,
      "tags": [
        "quiet",
        "solo"
      ]
    },
    {
      "tableId": "F11-T19",
      "floorId": "F11",
      "type": "individual",
      "capacity": 1,
      "tags": [
        "quiet",
        "solo"
      ]
    },
    {
      "tableId": "F11-T20",
      "floorId": "F11",
      "type": "individual",
      "capacity": 1,
      "tags": [
        "quiet",
        "solo"
      ]
    },
    {
      "tableId": "F11-T21",
      "floorId": "F11",
      "type": "duo",
      "capacity": 2,
      "tags": [
        "quiet"
      ]
    },
    {
      "tableId": "F11-T22",
      "floorId": "F11",
      "type": "duo",
      "capacity": 2,
      "tags": [
        "quiet"
      ]
    },
    {
      "tableId": "F11-T23",
      "floorId": "F11",
      "type": "duo",
      "capacity": 2,
      "tags": [
        "quiet"
      ]
    },
    {
      "tableId": "F11-T24",
      "floorId": "F11",
      "type": "duo",
      "capacity": 2,
      "tags": [
        "quiet"
      ]
    },
    {
      "tableId": "F11-T25",
      "floorId": "F11",
      "type": "duo",
      "capacity": 2,
      "tags": [
        "quiet"
      ]
    },
    {
      "tableId": "F11-T26",
      "floorId": "F11",
      "type": "duo",
      "capacity": 2,
      "tags": [
        "quiet"
      ]
    },
    {
      "tableId": "F11-T27",
      "floorId": "F11",
      "type": "duo",
      "capacity": 2,
      "tags": [
        "quiet"
      ]
    },
    {
      "tableId": "F11-T28",
      "floorId": "F11",
      "type": "duo",
      "capacity": 2,
      "tags": [
        "quiet"
      ]
    },
    {
      "tableId": "F11-T29",
      "floorId": "F11",
      "type": "duo",
      "capacity": 2,
      "tags": [
        "quiet"
      ]
    },
    {
      "tableId": "F11-T30",
      "floorId": "F11",
      "type": "duo",
      "capacity": 2,
      "tags": [
        "quiet"
      ]
    },
    {
      "tableId": "F11-T31",
      "floorId": "F11",
      "type": "group",
      "capacity": 4,
      "tags": [
        "quiet-group"
      ]
    },
    {
      "tableId": "F11-T32",
      "floorId": "F11",
      "type": "group",
      "capacity": 4,
      "tags": [
        "quiet-group"
      ]
    },
    {
      "tableId": "F11-T33",
      "floorId": "F11",
      "type": "group",
      "capacity": 4,
      "tags": [
        "quiet-group"
      ]
    }
  ]
}